0.0568601,0.135693,-0.00869621,0.98908
0.0566856,0.136233,-0.0139704,0.988955
0.0563638,0.142779,-0.0212049,0.987921
0.0552404,0.151173,-0.0337926,0.986384
0.0540039,0.155038,-0.0435384,0.98547
0.0527599,0.159532,-0.0529243,0.98436
0.0520978,0.166245,-0.0600406,0.982875
0.0510334,0.175291,-0.0714494,0.980594
0.0444985,0.174427,-0.110947,0.977387
0.0363991,0.174101,-0.15684,0.971476
0.0261019,0.172315,-0.209626,0.962124
0.0155394,0.174424,-0.26517,0.948166
-0.00193372,0.166476,-0.332255,0.928379
-0.0227956,0.160773,-0.410014,0.897508
-0.0490847,0.156232,-0.497526,0.851851
-0.0866561,0.147452,-0.589683,0.789318
-0.138376,0.143903,-0.684679,0.70097
-0.209557,0.15169,-0.76477,0.590087
-0.300202,0.180816,-0.8104,0.469506
-0.40952,0.224335,-0.808722,0.35768
-0.530957,0.264334,-0.759905,0.266
-0.652282,0.286957,-0.673643,0.195929
-0.75418,0.29056,-0.569084,0.15143
-0.829525,0.277212,-0.467397,0.128776
-0.874945,0.256433,-0.378296,0.160016
-0.908339,0.232908,-0.305456,0.165441
-0.922191,0.2101,-0.268513,0.182546
-0.930855,0.189254,-0.241291,0.198671
-0.934947,0.166955,-0.22401,0.218678
-0.936055,0.15382,-0.216185,0.231094
-0.938346,0.144614,-0.204335,0.238413
-0.934453,0.128847,-0.211969,0.255472
-0.930105,0.13586,-0.230052,0.252038
-0.927972,0.135995,-0.236482,0.25387
-0.925133,0.138337,-0.246526,0.253409
-0.926667,0.142474,-0.242758,0.249117
-0.927237,0.145608,-0.241699,0.246192
-0.925694,0.146818,-0.246514,0.246509
-0.9276,0.149109,-0.240793,0.243606
-0.927495,0.147635,-0.239259,0.246399
-0.926943,0.153538,-0.244645,0.239482
-0.926104,0.148999,-0.243872,0.246289
-0.920888,0.149294,-0.260355,0.248782
-0.920564,0.155576,-0.266682,0.239246
-0.922957,0.159008,-0.262598,0.232183
-0.924342,0.159663,-0.259375,0.229836
-0.922975,0.162414,-0.265741,0.2261
-0.924155,0.161486,-0.262144,0.226143
-0.925383,0.152446,-0.251241,0.239383
-0.924545,0.154428,-0.255194,0.237161
-0.927619,0.153549,-0.244843,0.236638
-0.927783,0.154306,-0.244687,0.235661
-0.927447,0.153622,-0.244993,0.23711
-0.928841,0.157115,-0.243124,0.231212
-0.92722,0.15247,-0.244471,0.23927
-0.926827,0.154572,-0.247297,0.236524
-0.928816,0.155807,-0.242398,0.232957
-0.929275,0.154584,-0.240311,0.234098
-0.930268,0.154867,-0.237733,0.232597
-0.929864,0.154011,-0.238634,0.233852
-0.929931,0.152178,-0.237283,0.236152
-0.929221,0.152051,-0.239649,0.236637
-0.929424,0.153907,-0.240747,0.233507
-0.931337,0.154661,-0.235738,0.230473
-0.932965,0.145429,-0.223707,0.241625
-0.932525,0.148095,-0.227431,0.238204
-0.93088,0.143852,-0.229644,0.245015
-0.929748,0.14361,-0.233428,0.24588
-0.931982,0.149032,-0.230925,0.236375
-0.933136,0.153338,-0.230768,0.229108
-0.932495,0.155564,-0.234586,0.226324
-0.932141,0.153937,-0.234672,0.228791
-0.934684,0.146061,-0.221286,0.236778
-0.935379,0.143166,-0.217819,0.239009
-0.936422,0.142755,-0.215052,0.237672
-0.938591,0.142992,-0.208865,0.234469
-0.935524,0.141691,-0.219396,0.237874
-0.936832,0.139394,-0.214186,0.238828
-0.937842,0.140397,-0.212619,0.235657
-0.939869,0.135911,-0.203117,0.238575
-0.940006,0.132884,-0.201953,0.240721
-0.940486,0.122462,-0.193102,0.251397
-0.942177,0.125812,-0.190719,0.245154
-0.944556,0.127917,-0.184616,0.239517
-0.944258,0.124839,-0.18544,0.241669
-0.944519,0.123269,-0.185164,0.241666
-0.944327,0.111257,-0.177668,0.253578
-0.944225,0.108012,-0.177105,0.255747
-0.947191,0.114456,-0.170347,0.246397
-0.95013,0.122079,-0.164609,0.235061
-0.951681,0.122078,-0.159822,0.232071
-0.953063,0.124141,-0.157318,0.226962
-0.954088,0.12372,-0.155039,0.224439
-0.955035,0.131295,-0.157721,0.213996
-0.957347,0.136368,-0.153525,0.203275
-0.959534,0.138106,-0.148393,0.195451
-0.965,0.112825,-0.116203,0.206257
-0.965562,0.0996155,-0.110692,0.213338
-0.966115,0.0885999,-0.105049,0.218487
-0.967429,0.0714019,-0.0890408,0.225952
-0.966127,0.0485624,-0.0861289,0.238374
-0.966067,0.05538,-0.0940868,0.234084
-0.962064,0.0513645,-0.124106,0.23747
-0.966377,0.0643621,-0.10122,0.227438
-0.97067,0.0851039,-0.0829464,0.208992
-0.973526,0.0890429,-0.0667109,0.19967
-0.974963,0.0839147,-0.0579858,0.197594
-0.97618,0.0805339,-0.0507881,0.194953
-0.976748,0.0751747,-0.0483839,0.194864
-0.977318,0.0644642,-0.0442643,0.196812
-0.978207,0.0506552,-0.0340599,0.198457
-0.977734,0.0363633,-0.0383894,0.203077
-0.97926,0.0446678,-0.0141307,0.197118
-0.979499,0.0462853,-0.0118802,0.195698
-0.980214,0.0579903,0.00142292,0.189249
-0.980135,0.0625191,-0.000287238,0.188221
-0.980107,0.063476,-0.00300606,0.188022
-0.981184,0.0770857,0.0152868,0.176358
-0.982034,0.0746624,0.0197151,0.172182
-0.981806,0.0811857,0.0179444,0.170718
-0.986638,0.0492857,0.062608,0.142116
-0.988531,0.0317225,0.0664694,0.131843
-0.989628,0.0185872,0.0728381,0.122417
-0.990148,0.000664942,0.0891267,0.107996
-0.991387,-0.0253397,0.0925717,0.0891111
-0.99102,-0.0413818,0.100374,0.078046
-0.991065,-0.0498412,0.100646,0.0719502
-0.990075,-0.0514837,0.10746,0.0745144
-0.982957,0.017419,0.109206,0.146855
-0.980217,0.0290668,0.124969,0.150705
-0.979657,0.0307001,0.131675,0.148297
-0.978278,0.0330599,0.149636,0.139599
-0.977695,0.0360134,0.148787,0.143796
-0.978869,0.0283662,0.15818,0.126455
-0.978698,0.0273904,0.163109,0.121634
-0.977809,0.0249284,0.177769,0.10801
-0.978485,-0.0294916,0.204076,-0.00714106
-0.975126,-0.0481696,0.211583,-0.0451826
-0.970354,-0.0654222,0.219978,-0.0757863
-0.967198,-0.0753943,0.226803,-0.0860465
-0.964021,-0.0841808,0.236739,-0.0867831
-0.964371,-0.0851098,0.237339,-0.0800959
-0.964223,-0.0859819,0.241252,-0.0683999
-0.966011,-0.0788072,0.24335,-0.0373274
-0.962863,-0.0691361,0.260569,0.0148185
-0.958577,-0.067862,0.274687,0.0327542
-0.957665,-0.0627879,0.275778,0.0536905
-0.954902,-0.0619197,0.283943,0.0608664
-0.95281,-0.05808,0.288016,0.0763347
-0.949085,-0.0567496,0.298577,0.0828763
-0.95064,-0.0556053,0.292923,0.0859477
-0.947338,-0.0570367,0.304244,0.0820536
-0.92693,-0.0520041,0.356673,0.104311
-0.918314,-0.0484857,0.376,0.113899
-0.914898,-0.0459776,0.382437,0.120785
-0.914106,-0.0437166,0.380711,0.132511
-0.912744,-0.0413512,0.382016,0.138752
-0.911837,-0.0388665,0.381647,0.14625
-0.909109,-0.0364678,0.389573,0.142909
-0.906243,-0.0344997,0.399174,0.134883
-0.893201,-0.0305189,0.435578,0.107389
-0.890291,-0.029073,0.44419,0.0960816
-0.885023,-0.0266703,0.454775,0.0959322
-0.886779,-0.026784,0.452011,0.0926942
-0.882379,-0.0254259,0.461764,0.0868023
-0.881581,-0.0257308,0.465442,0.0742735
-0.877611,-0.0245065,0.472069,0.0796871
-0.879709,-0.0252304,0.468185,0.0792402
-0.876141,-0.0256373,0.476018,0.0716063
-0.870163,-0.0252718,0.487536,0.0669775
-0.86785,-0.0253705,0.491875,0.0652052
-0.868199,-0.0259139,0.49155,0.0627576
-0.868487,-0.0262811,0.49123,0.0611004
-0.865973,-0.0263289,0.496173,0.0566548
-0.866017,-0.025817,0.495566,0.0613306
-0.875476,-0.0280423,0.479415,0.053999
-0.888659,-0.030126,0.454726,0.0509996
-0.89229,-0.0312498,0.447797,0.0481578
-0.894348,-0.0298879,0.443206,0.053075
-0.898093,-0.031059,0.435754,0.0508108
-0.896807,-0.0297054,0.437984,0.0549969
-0.897857,-0.0303029,0.435858,0.0544292
-0.896704,-0.0284956,0.437598,0.0601514
-0.900037,-0.0294266,0.430705,0.0596801
-0.900648,-0.0341455,0.430563,0.0477793
-0.902194,-0.0334876,0.427134,0.0498214
-0.902591,-0.0367768,0.426931,0.0413196
-0.902567,-0.0334301,0.426362,0.04971
-0.904997,-0.0319026,0.420848,0.0533799
-0.908411,-0.0288228,0.412619,0.0608563
-0.909744,-0.0257672,0.408795,0.0677343
-0.910589,-0.0226152,0.405863,0.0747726
-0.905998,-0.0283664,0.418111,0.0595565
-0.901572,-0.0286101,0.427798,0.0577794
-0.901634,-0.0305136,0.428226,0.0524138
-0.902529,-0.0289258,0.425862,0.0569804
-0.90305,-0.0271854,0.424194,0.0618192
-0.905837,-0.0284836,0.418493,0.0592569
-0.904454,-0.0274832,0.421228,0.0614356
-0.905579,-0.0306162,0.41967,0.0535314
-0.907263,-0.0319045,0.416271,0.0507359
-0.903742,-0.0314597,0.42377,0.0517734
-0.903642,-0.0299273,0.423545,0.0560862
-0.904577,-0.0292427,0.421298,0.0582563
-0.904436,-0.0283063,0.421314,0.0607323
-0.904442,-0.0280062,0.421196,0.0615926
-0.900451,-0.0296246,0.430334,0.0558903
-0.901482,-0.0286153,0.427769,0.0593682
-0.900242,-0.0305335,0.431061,0.0530896
-0.894038,-0.0308288,0.444073,0.0504524
-0.895794,-0.0304547,0.440415,0.0515751
-0.894426,-0.0293403,0.442919,0.0544363
-0.89584,-0.0323106,0.440967,0.0444308
-0.894524,-0.0306535,0.443257,0.0490891
-0.892442,-0.0303419,0.44746,0.0490474
-0.893592,-0.0308187,0.445353,0.0469394
-0.90051,-0.0251662,0.428843,0.0673957
-0.897025,-0.0229406,0.435398,0.0724507
-0.899888,-0.0223574,0.428699,0.0769306
-0.900735,-0.0257429,0.428135,0.0686552
-0.900409,-0.0258839,0.428824,0.0685827
-0.897767,-0.0226006,0.433108,0.07695
-0.895633,-0.0228859,0.437815,0.0750748
-0.896918,-0.0265793,0.436589,0.0649774
-0.906838,-0.0281733,0.415655,0.0638975
-0.911308,-0.0297696,0.406176,0.060434
-0.913143,-0.0310598,0.402449,0.0569224
-0.91522,-0.0318738,0.397977,0.0545102
-0.916126,-0.0289227,0.395291,0.0601829
-0.917195,-0.0307089,0.393283,0.0560199
-0.91778,-0.0299052,0.391793,0.0573076
-0.91517,-0.0271986,0.397291,0.0623247
-0.924853,-0.0169738,0.369728,0.0875182
-0.928426,-0.0176663,0.360558,0.0878081
-0.931435,-0.0120081,0.349989,0.0989565
-0.935223,-0.0132254,0.339605,0.0992529
-0.936184,-0.0095859,0.335308,0.105049
-0.940866,-0.0134748,0.322714,0.102206
-0.943133,-0.0144794,0.316219,0.101473
-0.94628,-0.0142995,0.306078,0.103276
-0.951408,-0.0370255,0.296497,0.0744468
-0.954887,-0.0322496,0.284106,0.0802121
-0.957069,-0.031372,0.276565,0.0809136
-0.96131,-0.0336213,0.2621,0.077819
-0.965056,-0.0311892,0.247653,0.079768
-0.968355,-0.0291979,0.234221,0.0811014
-0.972348,-0.0293006,0.217322,0.0803292
-0.975316,-0.029301,0.203897,0.0795388
-0.977006,-0.0774354,0.195374,0.0359388
-0.977715,-0.0847875,0.190203,0.0266112
-0.978384,-0.0869661,0.186317,0.0220958
-0.981234,-0.0742726,0.175705,0.0281269
-0.985342,-0.0563584,0.156922,0.0360637
-0.987239,-0.0364552,0.147303,0.0482909
-0.988623,-0.0256669,0.137786,0.0545893
-0.989903,-0.0211068,0.12808,0.0569357
-0.991676,-0.0115486,0.112731,0.0611359
-0.992768,-0.000546143,0.100138,0.0662079
-0.993965,0.00126292,0.0869463,0.0668827
-0.994523,-0.00596469,0.0833185,0.0628175
-0.99504,-0.0119396,0.0791441,0.0590693
-0.995226,-0.0175754,0.078437,0.055348
-0.995983,-0.0164117,0.0694022,0.0541482
-0.995954,-0.0137635,0.0703913,0.0541324
-0.99723,-0.0401792,0.0471914,0.041118
-0.998036,-0.0323177,0.0360186,0.0397829
-0.998202,-0.0373975,0.0297793,0.0361514
-0.998384,-0.0362214,0.0270795,0.0344128
-0.99865,-0.0380289,0.0176564,0.030677
-0.999169,-0.0268635,0.00968014,0.0290796
-0.99944,-0.0148982,0.00814537,0.0288486
-0.999567,0.00207746,-0.00895798,0.0279622
-0.998861,-0.0273155,-0.026666,0.0286212
-0.998388,-0.0321936,-0.0390072,0.0257524
-0.998325,-0.025083,-0.0477846,0.0208423
-0.998083,-0.0164494,-0.0576231,0.0154995
-0.998409,-0.00343348,-0.0553579,0.0101724
-0.998472,-0.00588455,-0.0538604,0.0108627
-0.998206,-0.012324,-0.0571791,0.0127482
-0.997627,-0.0138291,-0.0663812,0.0119727
-0.997014,0.00626414,-0.0769621,0.000936915
-0.995647,0.0164186,-0.0916691,-0.00364423
-0.995608,0.0228191,-0.0904753,-0.00767832
-0.994883,0.0315718,-0.0952163,-0.012073
-0.995179,0.0340569,-0.0908759,-0.0141525
-0.994884,0.0335779,-0.0945809,-0.0114879
-0.99527,0.0298114,-0.092086,-0.00832901
-0.995085,0.0257122,-0.0955633,-0.00342595
-0.994754,0.00970032,-0.101109,0.0121161
-0.994158,0.0117632,-0.106687,0.0114044
-0.993924,0.0126402,-0.108743,0.0114183
-0.994405,0.00972327,-0.104178,0.0145478
-0.994532,0.00685765,-0.102697,0.0176535
-0.993621,0.00363125,-0.110654,0.0214417
-0.993627,0.00304925,-0.1104,0.0225541
-0.994476,0.00951816,-0.103237,0.0164027
-0.993548,0.0320531,-0.108691,-0.00464789
-0.993039,0.0358144,-0.111991,-0.00696622
-0.993549,0.0357881,-0.107293,-0.00819568
-0.993606,0.0359602,-0.106716,-0.00814417
-0.993456,0.0329179,-0.109316,-0.00355018
-0.993919,0.0391329,-0.102205,-0.0121997
-0.994238,0.0330251,-0.101803,-0.00600061
-0.993971,0.0375965,-0.102512,-0.00994846
-0.994403,0.0303867,-0.101125,-0.00363074
-0.994816,0.0276356,-0.0978355,-0.00223236
-0.995263,0.0208969,-0.0948979,0.00309395
-0.994773,0.0251959,-0.0989582,-0.000331023
-0.994944,0.0226176,-0.0978348,0.00164578
-0.994891,0.0189832,-0.0990187,0.00513521
-0.995208,0.0190877,-0.0958144,0.00413585
-0.99552,0.0229305,-0.0917317,-0.000597114
-0.99517,0.0296292,-0.0933875,-0.00608279
-0.994753,0.03362,-0.0962228,-0.00879089
-0.99487,0.0346505,-0.0944733,-0.0103698
-0.995163,0.0372658,-0.0896908,-0.0147271
-0.995315,0.0283734,-0.092259,-0.00567029
-0.996135,0.0286556,-0.0825566,-0.008901
-0.995193,0.0268954,-0.0940908,-0.00387195
-0.995471,0.0213805,-0.092625,0.00117047
-0.995728,0.0281063,-0.0877313,-0.00630966
-0.996295,0.0289403,-0.080449,-0.00925738
-0.996559,0.02746,-0.0777034,-0.00889496
-0.996695,0.0228998,-0.0777797,-0.00508953
-0.996099,0.0240296,-0.0848012,-0.0041869
-0.996206,0.018649,-0.0850014,0.000779657
-0.99668,0.0192676,-0.0791068,-0.000790236
-0.996537,0.0241651,-0.0794213,-0.00465133
-0.996687,0.0271823,-0.076229,-0.00811528
-0.997259,0.0161834,-0.0721959,-0.000504365
-0.996887,0.00889349,-0.0781062,0.0060938
-0.997182,0.00689695,-0.0743258,0.00748276
-0.997381,0.0102159,-0.0714496,0.00473994
-0.997667,0.00387452,-0.0675048,0.00937724
-0.997517,0.00283385,-0.0695918,0.0103842
-0.997511,0.00926644,-0.0696677,0.00569383
-0.997588,0.0100697,-0.0684851,0.00521335
-0.997176,0.00966091,-0.0741957,0.00641381
-0.997485,0.00980736,-0.069916,0.0061883
-0.997348,0.0172334,-0.0707129,0.000700114
-0.997094,0.0217318,-0.0729846,-0.00223964
-0.997033,0.0231426,-0.0733408,-0.00314012
-0.997425,0.0201156,-0.0688159,-0.00170301
-0.997645,0.0189452,-0.0659096,-0.00143115
-0.997809,0.012206,-0.0649299,0.00357222
-0.997941,0.00865593,-0.063257,0.0061565
-0.998019,0.00748598,-0.062063,0.00710618
-0.997998,0.0114851,-0.0620401,0.00439186
-0.997417,0.0166747,-0.0698464,0.00183502
-0.997601,0.0162985,-0.0672561,0.00193056
-0.997484,0.0301077,-0.0634298,-0.00974908
-0.997488,0.0300745,-0.0634105,-0.00957153
-0.998235,0.00895897,-0.0585026,0.00481748
-0.998015,0.0111568,-0.0618643,0.00367803
-0.99796,0.0101158,-0.0628543,0.00469845
-0.997903,0.0178565,-0.0621976,-0.001204
-0.997575,0.019897,-0.0666821,-0.00153218
-0.997749,0.0255407,-0.0615666,-0.00732774
-0.997937,0.0207142,-0.0606443,-0.00378551
-0.997471,0.0198522,-0.0682351,-0.00108021
-0.997596,0.0123098,-0.0679773,0.00542657
-0.997663,0.0145294,-0.0666764,0.00332657
-0.997733,0.0141671,-0.065689,0.00351886
-0.997801,0.0126111,-0.0648919,0.00476427
-0.997598,0.00744555,-0.0681982,0.00962948
-0.997589,0.00524446,-0.0682325,0.0115528
-0.997363,0.00433892,-0.0713571,0.012501
-0.997449,-0.00090768,-0.0692232,0.0174053
-0.997803,0.00856697,-0.0650819,0.00897883
-0.997637,0.00579514,-0.0674655,0.0116185
-0.997711,0.00701585,-0.0664307,0.0104911
-0.997698,0.00842685,-0.0666473,0.00930606
-0.997657,0.00513499,-0.0670943,0.0123363
-0.997726,0.00128672,-0.0655132,0.0157829
-0.998031,0.00178365,-0.0607515,0.0154698
-0.998019,0.00257062,-0.0610559,0.0149274
-0.99801,0.00494364,-0.0614444,0.0133087
-0.997739,0.00177476,-0.0651336,0.0164638
-0.997693,-0.00199832,-0.0647809,0.0202097
-0.997155,-0.00641897,-0.0711296,0.0240962
-0.997633,-0.00582968,-0.0638362,0.0248855
-0.99758,-0.00302857,-0.0656806,0.0226251
-0.997913,-0.00264186,-0.0601814,0.0232497
-0.997448,0.00195744,-0.0687346,0.0192005
-0.998122,-0.000561142,-0.0570252,0.0223553
-0.998263,0.00289053,-0.0552312,0.0203039
-0.997924,0.000748069,-0.0603209,0.0225495
-0.998421,-0.00260085,-0.0495647,0.0262894
-0.998078,0.00117789,-0.0572737,0.0236343
-0.998482,-0.00071869,-0.048589,0.0259437
-0.998008,-0.00126478,-0.0572906,0.0263715
-0.998105,-0.00361054,-0.0541434,0.0290022
-0.998137,-0.00368209,-0.0531098,0.0298082
-0.998041,-0.00397541,-0.0544141,0.0306159
-0.998008,-0.00868484,-0.0515018,0.0353901
-0.998131,-0.00222198,-0.0524785,0.0312491
-0.998244,-0.00517379,-0.0477266,0.0347006
-0.998075,-0.00796688,-0.0488972,0.0373043
-0.997724,-0.00886102,-0.0551881,0.0377179
-0.998161,-0.00395905,-0.0487093,0.0358571
-0.998179,-0.000870045,-0.049651,0.034244
-0.99809,0.00356286,-0.0530106,0.0315311
-0.998389,0.00876505,-0.0485225,0.0280917
-0.998474,0.0125265,-0.0471612,0.025858
-0.99862,0.0106522,-0.0436268,0.0272178
-0.998566,0.0182657,-0.0448619,0.0227874
-0.998674,0.014697,-0.0424778,0.0251105
-0.99851,0.0111298,-0.0452182,0.0284409
-0.99825,0.000761639,-0.0468533,0.0360831
-0.998185,0.00352178,-0.0494661,0.0341533
-0.998036,-0.00436792,-0.0475861,0.0404924
-0.998041,-0.0021793,-0.0488305,0.039043
-0.998026,0.00560382,-0.0531362,0.0330006
-0.998257,0.00198913,-0.046663,0.0360847
-0.998336,-0.000495154,-0.0432242,0.038165
-0.997981,-0.00380597,-0.0490715,0.0401514
-0.997367,-0.0204188,-0.0440005,0.0539037
-0.996967,-0.0271553,-0.0423685,0.0593705
-0.996885,-0.0256123,-0.0516206,0.0538436
-0.995724,-0.0403422,-0.0480379,0.0678097
-0.993771,-0.058861,-0.0471897,0.082028
-0.991879,-0.0768456,-0.0556594,0.0846951
-0.990009,-0.0914096,-0.0616909,0.0878717
-0.988814,-0.09484,-0.0584245,0.0991905
-0.996164,-0.035703,-0.065751,0.0453774
-0.997361,-0.019122,-0.0601545,0.0358618
-0.997525,-0.0132991,-0.0601712,0.0338637
-0.997492,-0.013357,-0.058299,0.0378604
-0.997333,-0.0155682,-0.0562325,0.0438436
-0.99783,-0.00482303,-0.0531121,0.0386106
-0.998162,-0.00041893,-0.0465836,0.0387671
-0.997862,-0.00395017,-0.0481363,0.0440338
-0.997155,-0.0204794,-0.0401881,0.0603987
-0.996902,-0.0222171,-0.0381296,0.0651002
-0.996181,-0.0303145,-0.0366356,0.0732231
-0.996226,-0.0259676,-0.033829,0.0755986
-0.996203,-0.022465,-0.0326742,0.0775076
-0.995665,-0.0269494,-0.0302063,0.0837418
-0.996011,-0.0172943,-0.0381078,0.0788043
-0.995892,-0.0153122,-0.0256931,0.0854635
-0.996428,0.00685168,-0.0258736,0.0800981
-0.995928,0.00517436,-0.0321164,0.0840827
-0.995844,0.00562227,-0.0271332,0.0867557
-0.995818,0.0060081,-0.0187967,0.0892062
-0.995741,0.0123257,-0.0177076,0.0896312
-0.995762,0.014039,-0.0101525,0.090322
-0.995473,0.020043,-0.0133545,0.0919389
-0.995583,0.0149525,-0.00313627,0.0926365
-0.995376,0.018962,-0.00159889,0.0941534
-0.99505,0.0222034,-0.0038032,0.0967884
-0.994851,0.0319089,-7.40198e-05,0.0961936
-0.994808,0.0382506,0.00606743,0.0941148
-0.995072,0.03227,0.0103808,0.0931821
-0.995114,0.0185302,0.00573982,0.096803
-0.994904,0.0202809,0.00585394,0.0985966
-0.994626,0.0276628,0.00858947,0.0994016
-0.994739,0.0142726,0.00694943,0.101201
-0.994585,0.0196223,0.0141086,0.101076
-0.994507,0.0174872,0.0140904,0.102231
-0.994391,0.0195582,0.019882,0.102022
-0.993936,0.024517,0.0179681,0.105676
-0.993535,0.0319539,0.0219094,0.106709
-0.993427,0.0391077,0.0332156,0.102321
-0.992687,0.0413948,0.0267307,0.110199
-0.993159,0.0366487,0.0306224,0.106554
-0.992595,0.0426567,0.0320829,0.109113
-0.992472,0.0416566,0.0308862,0.110954
-0.992609,0.0408611,0.0335601,0.109234
-0.987085,0.101308,0.0826699,0.0925546
-0.994265,0.0402532,0.0521395,0.0842463
-0.994876,0.0303245,0.0399163,0.0878044
-0.995022,0.0258428,0.033665,0.0901643
-0.994581,0.0305741,0.0355977,0.0927699
-0.994506,0.0300854,0.0359786,0.0935813
-0.993781,0.0350618,0.0312441,0.100966
-0.993848,0.0320655,0.0308133,0.101428
-0.993976,0.0299648,0.033981,0.0997987
-0.993559,0.0328605,0.033685,0.103082
-0.993329,0.0333905,0.033334,0.105219
-0.992865,0.0348815,0.0300986,0.109985
-0.993551,0.0244213,0.0308405,0.106343
-0.993228,0.0232039,0.023034,0.111489
-0.992835,0.0251438,0.0197107,0.115141
-0.992504,0.02982,0.0216499,0.116528
-0.992751,0.0270978,0.0261579,0.114133
-0.992347,0.0312939,0.0270972,0.116333
-0.992054,0.035157,0.0297095,0.117089
-0.991991,0.0354855,0.0314702,0.117067
-0.991486,0.0412543,0.035141,0.118397
-0.991515,0.0395987,0.035968,0.118471
-0.991965,0.0381232,0.0429799,0.11272
-0.991295,0.0414461,0.0412012,0.117975
-0.991747,0.0338492,0.0380882,0.117648
-0.991818,0.0351405,0.0440831,0.11454
-0.992101,0.0302275,0.0414786,0.114459
-0.992106,0.0293814,0.0422671,0.114354
-0.990754,0.037746,0.0377558,0.124727
-0.990169,0.0395155,0.0348838,0.129565
-0.990086,0.036339,0.0323107,0.131777
-0.989703,0.0418836,0.0364959,0.13192
-0.988388,0.0504729,0.0348901,0.139009
-0.989015,0.0546289,0.0452813,0.12967
-0.988531,0.0551977,0.0434181,0.133698
-0.988301,0.0589852,0.0466322,0.132696
-0.988426,0.0601718,0.0492779,0.130251
-0.98894,0.0587246,0.0520478,0.125858
-0.988228,0.0651989,0.0551116,0.126956
-0.988021,0.0651858,0.0543662,0.128876
-0.987064,0.0734356,0.0578985,0.130226
-0.986598,0.0691206,0.0519706,0.138367
-0.986356,0.0760802,0.0576836,0.134115
-0.986565,0.0723206,0.055786,0.135451
-0.98689,0.0702825,0.0554101,0.134304
-0.986539,0.0694184,0.0522475,0.138539
-0.986647,0.0718526,0.0549001,0.135465
-0.986136,0.0723346,0.0521417,0.139944
-0.986973,0.0715536,0.0560771,0.132738
-0.988028,0.0650446,0.0558645,0.128252
-0.988131,0.0585157,0.0489397,0.133334
-0.988784,0.0592746,0.0554434,0.125374
-0.989249,0.0593347,0.0592723,0.119799
-0.98871,0.0612059,0.0562408,0.124671
-0.988145,0.0637464,0.0540428,0.128783
-0.98799,0.0700029,0.0599692,0.124014
-0.987662,0.0718924,0.0590289,0.12598
-0.986815,0.0735615,0.0543304,0.133541
-0.987435,0.073617,0.0574578,0.127484
-0.987214,0.071721,0.0528188,0.13219
-0.989433,0.0623343,0.0571625,0.117769
-0.987982,0.0702866,0.0522354,0.127366
-0.986842,0.0736818,0.0453321,0.136596
-0.985203,0.0886123,0.0459822,0.139312
-0.9865,0.0879074,0.0501587,0.128744
-0.987204,0.0895494,0.0533414,0.120681
-0.989108,0.0806261,0.0541357,0.110609
-0.989481,0.0790683,0.0517709,0.109526
-0.986817,0.105429,0.0616001,0.106214
-0.985445,0.11218,0.0586554,0.113461
-0.987075,0.113095,0.0663699,0.0921319
-0.985891,0.11729,0.0618775,0.10214
-0.988336,0.108973,0.0653891,0.0839086
-0.987499,0.116895,0.0683265,0.080701
-0.987463,0.11732,0.0659242,0.0825033
-0.989951,0.100202,0.0582159,0.0810406
-0.997436,0.0292461,0.054511,0.0359931
-0.99765,0.0313708,0.0473177,0.0383492
-0.997617,0.0339002,0.0467501,0.0377623
-0.997841,0.0347752,0.0391599,0.0396406
-0.997529,0.0396965,0.0450838,0.0364323
-0.997416,0.0453004,0.0370246,0.0416888
-0.996617,0.0581922,0.0371281,0.0446168
-0.996338,0.0634045,0.035426,0.0451176
-0.991153,0.112549,0.0363134,0.0602494
-0.989969,0.126821,0.0446368,0.0434242
-0.988617,0.134086,0.0379541,0.0567117
-0.989761,0.129749,0.059343,-0.00414019
-0.987642,0.145913,0.0524334,0.0228825
-0.985818,0.157298,0.0546673,0.0207671
-0.987307,0.148957,0.0547292,0.00641206
-0.988719,0.141651,0.0444844,0.0197768
-0.996074,0.0810982,0.0352869,-0.00378466
-0.996707,0.073182,0.0334766,-0.00995985
-0.99769,0.0589615,0.0291962,-0.0168936
-0.998241,0.0508467,0.0228946,-0.0201393
-0.998695,0.0397786,0.0189407,-0.0258249
-0.998844,0.0343785,0.014944,-0.0300845
-0.998723,0.0333202,0.0147393,-0.0349883
-0.998541,0.0292188,0.0176805,-0.0418252
-0.998481,0.0212716,0.0146187,-0.0486851
-0.998328,0.0148387,0.0101833,-0.0549259
-0.998006,0.0127302,0.00942073,-0.061104
-0.99752,0.0136173,0.0141571,-0.0675919
-0.996984,0.0196296,0.0176285,-0.0729808
-0.996408,0.0142782,0.0199463,-0.0810569
-0.995848,0.0142811,0.0209396,-0.0874343
-0.995277,0.0132168,0.0204655,-0.0939658
-0.993677,0.00204329,0.0373233,-0.105868
-0.992029,-0.00737696,0.0482154,-0.116183
-0.989321,-0.0252323,0.0583642,-0.13115
-0.98755,-0.0325212,0.0611164,-0.14125
-0.985714,-0.0389247,0.0620495,-0.151664
-0.986246,-0.027219,0.0599246,-0.151615
-0.98668,-0.0162605,0.0577233,-0.151218
-0.987312,-0.00391167,0.0586869,-0.147496
-0.981798,-0.0339934,0.0385461,-0.182842
-0.980176,-0.0317614,0.0307053,-0.19314
-0.979494,-0.0341625,0.0397112,-0.194543
-0.978165,-0.0323505,0.0366853,-0.201991
-0.977633,-0.0195729,0.0317198,-0.206988
-0.976296,-0.0220673,0.0332446,-0.212729
-0.974493,-0.0311636,0.0375348,-0.219051
-0.970047,-0.0374033,0.0175155,-0.23938
-0.964643,-0.0806666,0.00407066,-0.25088
-0.965969,-0.0866241,0.0122304,-0.243415
-0.96796,-0.0817767,0.0230637,-0.236293
-0.969948,-0.0689377,0.033098,-0.230981
-0.968499,-0.0563069,0.0282223,-0.240922
-0.967398,-0.0496042,0.0261292,-0.246978
-0.967303,-0.0441018,0.0298135,-0.247974
-0.96553,-0.0371403,0.0228552,-0.256612
-0.96418,-0.0424311,0.0216695,-0.260935
-0.963359,-0.0423646,0.0220797,-0.263927
-0.961479,-0.0454241,0.0169272,-0.270571
-0.960896,-0.0479391,0.0187375,-0.272085
-0.958318,-0.0681372,0.0125692,-0.277176
-0.95905,-0.0582751,0.0198628,-0.276463
-0.959213,-0.046612,0.0238762,-0.277792
-0.959739,-0.0391034,0.0294652,-0.276592
-0.95839,-0.0300916,0.0228612,-0.28295
-0.958425,-0.0153596,0.0233847,-0.283969
-0.958304,-0.00994263,0.0259633,-0.284394
-0.957985,-0.00286989,0.0230797,-0.285874
-0.957269,-0.00102253,0.0189448,-0.288574
-0.956626,-0.00245548,0.0247291,-0.290256
-0.956481,0.00120061,0.0296656,-0.290281
-0.953014,-0.00841563,0.00113586,-0.302808
-0.952254,-0.0320375,-0.00674146,-0.303547
-0.952865,-0.0464958,-0.00745779,-0.299719
-0.95401,-0.0541178,-0.00349466,-0.294828
-0.954136,-0.0514198,-0.000199987,-0.294923
-0.953613,-0.0322005,0.00746941,-0.299215
-0.95384,-0.0209876,0.013051,-0.299295
-0.953833,-0.0113261,0.0139219,-0.2998
-0.953633,0.000148578,0.00927097,-0.30083
-0.952722,-0.0144868,0.00565566,-0.303444
-0.952957,-0.0140991,0.0116066,-0.302554
-0.952442,-0.0161427,0.00785353,-0.304192
-0.952526,-0.0134179,0.0106894,-0.303974
-0.952932,-0.00943499,0.0171234,-0.302553
-0.953508,0.000308709,0.0202397,-0.300686
-0.955001,0.020517,0.0222325,-0.295054
-0.956175,0.0297327,0.0190765,-0.290657
-0.951092,-0.0148886,-0.00869182,-0.308426
-0.951487,-0.0294615,-0.015626,-0.305877
-0.952317,-0.0344733,-0.012643,-0.302893
-0.95297,-0.0366206,-0.00904345,-0.300708
-0.953611,-0.0438575,-0.00965962,-0.297673
-0.955335,-0.0549394,-0.0074721,-0.290277
-0.957031,-0.0654049,-0.0061592,-0.282446
-0.956468,-0.0602519,-0.00557053,-0.285494
-0.956144,-0.0207314,0.0171619,-0.291659
-0.956353,-0.00735644,0.0148608,-0.291744
-0.956122,-0.00935851,0.0119283,-0.292577
-0.955487,-0.0145208,0.0047019,-0.294638
-0.955201,-0.0168982,0.000105843,-0.295474
-0.954906,-0.0249592,-0.00728771,-0.295768
-0.955123,-0.0264323,-0.00725332,-0.294937
-0.95533,-0.0276254,-0.00735373,-0.294154
-0.95546,-0.0275298,-0.00887944,-0.293699
-0.955996,-0.0271484,-0.00648623,-0.292048
-0.956187,-0.0193577,-0.0011979,-0.292113
-0.956597,-0.0201919,-0.000215781,-0.290713
-0.956632,-0.0207584,-0.00322195,-0.29054
-0.956933,-0.0220206,-0.00398156,-0.289444
-0.957705,-0.0290123,-0.0035467,-0.286264
-0.957743,-0.0283572,-0.00554785,-0.286169
-0.959654,-0.0457532,-0.00498963,-0.277392
-0.961915,-0.0515858,-5.46613e-05,-0.268438
-0.961899,-0.0435286,0.000184395,-0.269917
-0.962994,-0.0396372,0.00372261,-0.266566
-0.963469,-0.0215163,0.00839424,-0.266824
-0.964789,-0.00961007,0.0158247,-0.262372
-0.965602,0.00282159,0.0110052,-0.259776
-0.966379,0.00934379,0.0114742,-0.256695
-0.964668,-0.0189074,0.0129068,-0.262472
-0.965606,-0.0140144,0.0151156,-0.259192
-0.965819,-0.0268328,0.0182209,-0.25718
-0.966478,-0.0366505,0.0209495,-0.253254
-0.966737,-0.0459896,0.0204852,-0.250767
-0.969595,-0.0465321,0.0292002,-0.23847
-0.966801,-0.0632889,0.020188,-0.246746
-0.965544,-0.0873613,0.0140632,-0.244733
-0.970486,-0.0396412,0.0321916,-0.235688
-0.973268,-0.0224434,0.0332033,-0.226147
-0.975874,-0.00654693,0.0326695,-0.215776
-0.978857,0.0101676,0.0378179,-0.200761
-0.981113,0.0208848,0.0395456,-0.188196
-0.98201,0.0210948,0.0378683,-0.183786
-0.983317,0.0233452,0.0333979,-0.177277
-0.98287,0.0161897,0.0368876,-0.179846
-0.97035,-0.0561382,0.0247581,-0.233789
-0.97428,-0.0609558,0.0357455,-0.213974
-0.978365,-0.0607209,0.0460701,-0.192336
-0.98067,-0.0582206,0.0491385,-0.180227
-0.980553,-0.0583611,0.0442287,-0.182082
-0.980789,-0.056825,0.0396734,-0.182344
-0.980135,-0.0614427,0.0345461,-0.185381
-0.982576,-0.0439057,0.0333054,-0.177505
-0.988779,-0.0156123,0.0584682,-0.136582
-0.989905,-0.0120938,0.0607038,-0.127505
-0.991109,-0.00715008,0.0598973,-0.118591
-0.990118,-0.0152524,0.0692175,-0.121004
-0.988171,-0.0265125,0.0619196,-0.13777
-0.989431,-0.0247527,0.0727794,-0.122948
-0.990722,-0.0211042,0.0834621,-0.105158
-0.992259,-0.0143248,0.0893436,-0.0850611
-0.993836,-0.0102681,0.0792066,-0.0768858
-0.995034,-0.00505406,0.0769021,-0.062991
-0.996487,0.00536242,0.0725155,-0.0415604
-0.996664,0.00992959,0.0757413,-0.0287461
-0.997115,0.0177088,0.0730891,-0.0102599
-0.996959,0.0200627,0.0752796,-0.00166782
-0.997028,0.0148056,0.0754864,-0.00419449
-0.996991,0.0090776,0.0765968,-0.00776273
-0.996562,-0.0163112,0.0696676,-0.0417794
-0.996792,-0.0191823,0.0643485,-0.0435626
-0.997999,-0.00447724,0.0584079,-0.0237876
-0.997808,0.0074004,0.06557,-0.00500162
-0.997185,0.0263517,0.0658037,0.0244434
-0.996151,0.0373262,0.0655964,0.0445656
-0.996436,0.0324901,0.0575597,0.052407
-0.996573,0.0263028,0.0587326,0.0519774
-0.99704,0.0180663,0.0536336,0.0520421
-0.996271,0.0203197,0.0627999,0.0555673
-0.996201,0.0201666,0.0535741,0.0656244
-0.995196,0.0244162,0.0648784,0.0691319
-0.996243,0.0100379,0.0622525,0.0593531
-0.995738,0.00728869,0.070593,0.0589074
-0.995981,0.0043557,0.0638021,0.0626996
-0.994572,0.0126307,0.0687352,0.0770819
-0.991403,0.0321004,0.066385,0.108086
-0.990232,0.0359584,0.0672389,0.116734
-0.988314,0.0423772,0.064235,0.131581
-0.988689,0.0406837,0.0735503,0.124216
-0.988646,0.036486,0.0698923,0.127915
-0.989946,0.0257134,0.0698204,0.120293
-0.991051,0.0162721,0.0771741,0.107694
-0.991997,0.00677537,0.0817147,0.0960159
-0.989413,0.0154769,0.0927661,0.11053
-0.984898,0.0305555,0.0903871,0.144473
-0.983334,0.0358428,0.104217,0.144596
-0.98265,0.0347382,0.105972,0.148195
-0.982199,0.0321328,0.106155,0.151602
-0.983213,0.0225742,0.0983422,0.152027
-0.984607,0.01258,0.0967537,0.145015
-0.982203,0.0170058,0.0950733,0.161085
-0.981893,0.0168231,0.111402,0.152295
-0.985162,0.00125828,0.0947403,0.143102
-0.988337,-0.0150142,0.0775939,0.13017
-0.98931,-0.0308492,0.0868227,0.113027
-0.990218,-0.04338,0.089258,0.0980795
-0.988174,-0.0394998,0.0965099,0.112416
-0.985732,-0.0247429,0.0880302,0.141316
-0.984797,-0.0213638,0.0822376,0.151513
-0.981854,-0.00583458,0.0656508,0.177818
-0.981384,-0.00930152,0.0793293,0.174662
-0.98188,-0.0143015,0.0746212,0.173606
-0.98082,-0.0134159,0.079146,0.177619
-0.979015,-0.00900662,0.0816737,0.186491
-0.977025,-0.00421505,0.0834604,0.19606
-0.97681,-0.00716403,0.0910624,0.193647
-0.975888,-0.00735618,0.0879416,0.199636
-0.97912,-0.0223628,0.0859015,0.182878
-0.980505,-0.0293258,0.0830387,0.175654
-0.979632,-0.0267063,0.0825168,0.181105
-0.980998,-0.0341857,0.0816893,0.172627
-0.979467,-0.0268868,0.0780344,0.183937
-0.979835,-0.0294556,0.0767078,0.182133
-0.980141,-0.0317469,0.0754954,0.180602
-0.978854,-0.0251822,0.0718174,0.189878
-0.979301,-0.0267086,0.0679009,0.1888
-0.97912,-0.0249624,0.0647573,0.191068
-0.979819,-0.0285823,0.0629442,0.187554
-0.979967,-0.0285746,0.0604884,0.187586
-0.97933,-0.0217781,0.0534086,0.193873
-0.979643,-0.0242387,0.0539467,0.191839
-0.980197,-0.0255577,0.0483345,0.190329
-0.979038,-0.0177829,0.0506031,0.196487
-0.980123,-0.0285486,0.0594162,0.187117
-0.980019,-0.0304141,0.0662711,0.185054
-0.980092,-0.0299839,0.066228,0.184756
-0.981293,-0.0347223,0.0630125,0.178572
-0.983672,-0.0479204,0.059519,0.162942
-0.984732,-0.0411667,0.0440114,0.163313
-0.978196,-0.0164375,0.0727926,0.193812
-0.980814,-0.0264683,0.056089,0.184817
-0.979531,-0.0194435,0.0628511,0.190238
-0.979713,-0.0171379,0.0571701,0.19131
-0.978072,-0.00662314,0.0627176,0.19849
-0.975721,0.00762858,0.0646507,0.209119
-0.975074,0.013259,0.0663212,0.211319
-0.975981,0.0131533,0.0755588,0.203909
-0.975664,0.0158581,0.0743452,0.205673
-0.977679,0.00877213,0.0769808,0.195297
-0.984,-0.0232864,0.0832215,0.155805
-0.986584,-0.0333438,0.0758121,0.140689
-0.987175,-0.0325827,0.0707425,0.139351
-0.988249,-0.0370505,0.0678447,0.131867
-0.988269,-0.029185,0.0601199,0.137327
-0.98816,-0.0243685,0.0575691,0.14011
-0.987178,-0.0132776,0.0564761,0.148706
-0.987155,-0.0112296,0.0579112,0.148476
-0.986513,-0.00345147,0.063349,0.150891
-0.988968,-0.0208881,0.0702131,0.128748
-0.9903,-0.0290393,0.0719903,0.115243
-0.991868,-0.030419,0.061217,0.107352
-0.992376,-0.0314104,0.0608429,0.102474
-0.992668,-0.0295062,0.0601401,0.10061
-0.992687,-0.0259465,0.0609489,0.10092
-0.992302,-0.0182454,0.0621614,0.105545
-0.980463,0.0631361,0.0412946,0.181661
-0.98073,0.0756154,0.0473677,0.173801
-0.984132,0.0661674,0.0548478,0.155233
-0.98673,0.0511187,0.053033,0.144703
-0.98867,0.0373965,0.0472098,0.13749
-0.989308,0.0369946,0.0449704,0.133714
-0.99119,0.0265233,0.0476298,0.120708
-0.99296,0.0132119,0.0415315,0.110144
-0.995343,-0.0252114,0.0437537,0.0821098
-0.99615,-0.0407103,0.0418691,0.0653765
-0.996418,-0.0537181,0.0411632,0.0507046
-0.996486,-0.0607844,0.0409067,0.040592
-0.996174,-0.0662906,0.0446418,0.0353452
-0.996051,-0.0749817,0.0425503,0.021218
-0.996293,-0.0764996,0.0381771,0.00947566
-0.997027,-0.0680717,0.0354854,0.00664321
-0.999116,-0.0127448,0.0287384,0.0279084
-0.999185,-0.00620557,0.0292517,0.027098
-0.999196,0.000299573,0.0303274,0.0262293
-0.999193,0.00470718,0.0316129,0.0243426
-0.999475,0.0049341,0.0240396,0.021177
-0.999536,0.00290574,0.0255665,0.016301
-0.999655,-0.00534097,0.0240652,0.0090569
-0.999603,-0.0127203,0.0250462,0.00226826
-0.998447,-0.0485849,0.0216679,-0.0165105
-0.998273,-0.0504328,0.0165753,-0.025139
-0.998291,-0.0485417,0.0194887,-0.0260581
-0.998242,-0.0474085,0.0182259,-0.0305395
-0.998596,-0.0377233,0.0158381,-0.0336536
-0.998516,-0.0369569,0.0177732,-0.0358471
-0.998768,-0.0261118,0.0115599,-0.0405819
-0.998554,-0.0285921,0.0153912,-0.0428354
-0.998954,-0.00422314,0.00835187,-0.0447622
-0.998752,-0.00580466,0.0100763,-0.0485781
-0.998647,0.00171529,0.00673826,-0.0515326
-0.998465,0.00126585,0.00275252,-0.0553059
-0.998064,0.0141184,0.0136361,-0.0590087
-0.99792,0.00373245,0.00556306,-0.0641143
-0.997556,-0.00189274,0.00997926,-0.0691316
-0.997134,-0.00570801,0.015656,-0.0737935
-0.996839,0.037735,0.0088788,-0.0693548
-0.995842,0.0396688,0.0169547,-0.0802337
-0.996057,0.0342801,0.00639435,-0.0815789
-0.995723,0.0240456,0.00528483,-0.089053
-0.994578,0.0257142,0.0164505,-0.0994087
-0.992902,0.0101129,0.0264282,-0.115518
-0.991734,0.00010346,0.0222589,-0.126364
-0.990626,-0.00648155,0.0164246,-0.135453
-0.988819,-0.0265404,0.0192626,-0.145473
-0.987139,-0.0367151,0.0161426,-0.154751
-0.986583,-0.0429254,0.0228925,-0.155846
-0.985081,-0.0486364,0.0215402,-0.163664
-0.984719,-0.0480125,0.0252645,-0.165486
-0.984523,-0.0411307,0.0268928,-0.168225
-0.982391,-0.0475832,0.022407,-0.179281
-0.98227,-0.0505901,0.0294942,-0.178092
-0.982005,-0.0232991,0.0204103,-0.186296
-0.981927,-0.00879893,0.0174945,-0.188245
-0.981588,0.00286084,0.00828876,-0.190808
-0.981326,0.0140938,0.00855147,-0.191646
-0.981082,0.0247655,0.0096518,-0.191759
-0.98138,0.0232135,-0.00213587,-0.190658
-0.981197,0.023391,-0.00570018,-0.191501
-0.980629,0.0286109,-0.00473416,-0.193714
-0.981641,-0.00274765,-0.0248247,-0.189097
-0.980817,0.00321362,-0.0284984,-0.192808
-0.980772,6.22159e-05,-0.0266857,-0.193321
-0.97944,0.0109879,-0.0284865,-0.199411
-0.977991,0.0224753,-0.0284216,-0.205477
-0.977013,0.0240172,-0.02325,-0.210541
-0.977513,0.0124554,-0.0240903,-0.209122
-0.978316,0.0103894,-0.0439353,-0.202136
-0.977024,0.0104238,-0.0316728,-0.210504
-0.976569,0.0117811,-0.0326623,-0.212387
-0.977258,0.00160497,-0.0310549,-0.20976
-0.978048,-0.00671482,-0.0391438,-0.204562
-0.977716,-0.00655203,-0.0322603,-0.207335
-0.976567,3.83388e-06,-0.0297398,-0.213147
-0.975685,0.0043522,-0.0266456,-0.21751
-0.974968,0.00898515,-0.0281845,-0.220367
-0.974399,0.0167136,-0.0346742,-0.221506
-0.975779,0.00963555,-0.0406772,-0.214728
-0.975693,0.00827464,-0.0378636,-0.215688
-0.97603,0.00852807,-0.0452076,-0.212716
-0.976889,0.00157769,-0.0412535,-0.209723
-0.977339,-0.000614164,-0.0454279,-0.206747
-0.97592,0.00673447,-0.0472738,-0.212837
-0.968674,0.0403445,-0.0512811,-0.23961
-0.974907,-0.00085187,-0.0499242,-0.216938
-0.974562,-0.00042952,-0.0469919,-0.219134
-0.974995,-0.00309744,-0.0458714,-0.217419
-0.973947,0.000438414,-0.037151,-0.22371
-0.972331,0.00951192,-0.0347091,-0.230821
-0.971967,0.0129827,-0.0363871,-0.231921
-0.972406,0.00564059,-0.0304195,-0.231235
-0.973371,0.00299479,-0.0409579,-0.225528
-0.96826,0.0259671,-0.0312496,-0.246622
-0.968817,0.0277185,-0.0353995,-0.243666
-0.967182,0.0381079,-0.0340094,-0.248898
-0.966057,0.0453291,-0.032869,-0.25219
-0.96644,0.0411706,-0.0333151,-0.251375
-0.968493,0.0285839,-0.0372807,-0.24457
-0.96884,0.0230667,-0.0356182,-0.244027
-0.967384,0.0194054,-0.0242344,-0.251403
-0.969988,0.0045545,-0.0351032,-0.240562
-0.969016,0.00945611,-0.0306411,-0.244909
-0.969311,0.00939155,-0.0321103,-0.243551
-0.970279,0.00932176,-0.0418537,-0.238161
-0.971972,-0.00340126,-0.0349426,-0.23246
-0.97204,-0.00393052,-0.0283248,-0.233066
-0.970971,0.00596986,-0.0362412,-0.236361
-0.970128,0.0120324,-0.0353478,-0.239703
-0.972776,-0.00279552,-0.0382162,-0.228558
-0.973442,-0.00698456,-0.0295483,-0.22691
-0.973925,-0.00851826,-0.0289183,-0.224859
-0.974235,-0.00902304,-0.0337285,-0.222817
-0.975274,-0.013831,-0.0348248,-0.217799
-0.975539,-0.0130492,-0.0286073,-0.217568
-0.975604,-0.0128114,-0.0338507,-0.216532
-0.976279,-0.0146272,-0.0287208,-0.214106
-0.9769,-0.014576,-0.0215395,-0.212108
-0.977643,-0.0145428,-0.0132601,-0.20935
-0.976989,-0.00356151,-0.0177927,-0.212515
-0.975989,0.0112859,-0.0122742,-0.217181
-0.976165,0.0193636,-0.0159546,-0.215572
-0.97636,0.016538,-0.0133836,-0.2151
-0.977217,0.0156463,-0.0193521,-0.210779
-0.97805,0.00404535,-0.0163257,-0.207688
-0.978765,-0.00425692,-0.00832416,-0.204774
-0.979723,-0.016501,-0.00869028,-0.199488
-0.981452,-0.0341753,-0.0019412,-0.188628
-0.981877,-0.0389281,-0.0047196,-0.185418
-0.982967,-0.0504066,-0.00515263,-0.176659
-0.984513,-0.0455367,-2.83564e-05,-0.169297
-0.985445,-0.0482327,0.00072376,-0.163004
-0.985991,-0.0478334,-0.000503057,-0.159793
-0.98862,-0.0215755,0.0149458,-0.148126
-0.989668,-0.0127769,0.0150378,-0.142015
-0.990126,-0.00982952,0.00817257,-0.139596
-0.991207,-0.00201128,0.0227723,-0.130327
-0.991587,-0.00530883,0.030164,-0.12577
-0.992375,-0.00267885,0.0257464,-0.120503
-0.992214,-0.0124086,0.0231804,-0.121736
-0.992269,-0.0201952,0.0240381,-0.120071
-0.993362,-0.00128799,0.0111613,-0.114484
-0.994071,0.00544849,0.0148872,-0.107574
-0.994818,0.0126975,0.0139002,-0.0999122
-0.995562,0.0237061,0.0119728,-0.0902796
-0.995715,0.0136386,0.0140639,-0.0903719
-0.996061,0.00757033,0.0120674,-0.0875159
-0.996567,0.00822954,0.00743706,-0.0820459
-0.99694,0.00756532,0.00675551,-0.0775066
-0.996657,0.0369534,0.0184633,-0.0704882
-0.996811,0.0402291,0.0192732,-0.066168
-0.996799,0.0377803,0.0215948,-0.0670635
-0.996925,0.0319504,0.0216162,-0.0682087
-0.996685,0.0315246,0.0271206,-0.0699197
-0.996698,0.0280121,0.0281602,-0.070819
-0.996611,0.0151981,0.0254088,-0.0767413
-0.996027,0.00875795,0.0351688,-0.0813373
-0.997662,0.037363,0.025653,-0.0511452
-0.997833,0.0499936,0.0227564,-0.0362132
-0.997551,0.0476812,0.028529,-0.0424903
-0.997822,0.0563962,0.0227169,-0.0255859
-0.997303,0.0666468,0.02426,-0.0188767
-0.996992,0.0700318,0.0268954,-0.0194614
-0.996523,0.0767943,0.0284054,-0.0154212
-0.996647,0.0737089,0.0296436,-0.0195724
-0.994875,0.00981855,0.0386153,-0.0929326
-0.99484,0.00724565,0.0394236,-0.0932034
-0.995113,0.00651274,0.0367732,-0.0914073
-0.995353,0.00685469,0.0374557,-0.0884442
-0.996735,0.0216566,0.0295377,-0.0719569
-0.996687,0.028641,0.036443,-0.0668376
-0.997213,0.0394046,0.0350429,-0.0527743
-0.997246,0.0417594,0.0366285,-0.0491509
-0.995204,0.00770971,0.0438316,-0.0871084
-0.995597,0.00626329,0.03895,-0.0850336
-0.995082,-9.41874e-05,0.0469593,-0.0872168
-0.995597,-0.000301905,0.0397395,-0.0848907
-0.994786,-0.0112324,0.0468425,-0.0898905
-0.995711,-0.00584504,0.0451048,-0.0805634
-0.997055,0.00443788,0.0317914,-0.0696444
-0.997065,0.00427732,0.039273,-0.0655824
-0.997839,0.0315679,0.044779,-0.0362777
-0.997662,0.032519,0.0487809,-0.0351338
-0.997355,0.0288366,0.0531397,-0.0403354
-0.99795,0.028397,0.0462695,-0.0338811
-0.997882,0.0299788,0.0486872,-0.0310276
-0.998163,0.0287477,0.045448,-0.0278975
-0.997415,0.0209393,0.055259,-0.0408733
-0.997831,0.0198251,0.0501123,-0.0377898
-0.997485,0.0299998,0.058505,-0.0264663
-0.996875,0.0405899,0.0662898,-0.0140876
-0.996535,0.0452074,0.0694163,-0.00752264
-0.99504,0.054089,0.0832578,-0.0061894
-0.995263,0.0560024,0.0792545,0.00590249
-0.99425,0.0610877,0.087827,0.0046374
-0.993477,0.0581889,0.0966195,-0.016784
-0.993983,0.058575,0.0922775,-0.00720536
-0.98797,0.0936959,0.107004,0.0607202
-0.985565,0.0981821,0.103522,0.0911357
-0.984593,0.10303,0.10816,0.0908941
-0.983237,0.101822,0.103306,0.110478
-0.983973,0.101061,0.106672,0.10102
-0.981821,0.102471,0.102114,0.122881
-0.981304,0.103141,0.102476,0.126108
-0.978194,0.0910643,0.0822239,0.167581
-0.9878,0.0586863,0.0929492,0.110305
-0.990921,0.0421946,0.0869009,0.0935026
-0.992066,0.0356684,0.0888015,0.0815305
-0.993698,0.0255625,0.0826035,0.0713329
-0.994661,0.0193422,0.0775119,0.0653255
-0.994604,0.0174898,0.0831216,0.0595716
-0.994966,0.0171189,0.077947,0.0606091
-0.994065,0.0241711,0.0825135,0.0666452
-0.991199,0.0461994,0.0760552,0.0980057
-0.989374,0.057747,0.0750059,0.110355
-0.98843,0.0634076,0.0732463,0.116708
-0.987496,0.0706702,0.0752203,0.119164
-0.986802,0.0742494,0.0726656,0.124215
-0.987554,0.0728039,0.0743447,0.117942
-0.990477,0.058415,0.0766195,0.0983507
-0.992791,0.0433643,0.071324,0.0860179
-0.995803,0.0111629,0.0776949,0.0470682
-0.996166,0.00576921,0.0779573,0.0392786
-0.997187,-0.00701443,0.0706316,0.0240875
-0.99733,-0.00835553,0.0692635,0.0215968
-0.997186,-0.0182035,0.0719297,0.0107179
-0.997399,-0.024691,0.0676907,0.00186723
-0.997467,-0.0319971,0.0630285,-0.00789017
-0.997135,-0.0369115,0.0649613,-0.0118135
-0.998858,-0.0115734,0.0462895,0.00242523
-0.998773,-0.0132343,0.0476891,0.00195895
-0.998982,-0.0107992,0.0436802,0.00335316
-0.9991,-0.00625639,0.0414748,0.00634973
-0.999313,-0.00246819,0.0359949,0.00852144
-0.999201,0.00633155,0.0371134,0.0134291
-0.998937,0.0133456,0.0407306,0.0169642
-0.998741,0.0214458,0.0395904,0.0221049
-0.998656,0.00883425,0.0499344,0.0106912
-0.998396,0.00204321,0.056424,0.00420119
-0.998624,-0.00444867,0.0522263,-0.00164048
-0.998459,-0.00759442,0.0548043,-0.00425907
-0.998061,-0.00328534,0.0621609,0.000150096
-0.998271,-0.00342239,0.0586719,-0.000252638
-0.998324,-0.00468204,0.0576577,-0.00144213
-0.998192,-0.00377606,0.0599926,-0.000300714
-0.998297,0.00557745,0.0573798,0.00892901
-0.998437,0.00326807,0.0553012,0.00739586
-0.998502,0.000218962,0.0544722,0.00512623
-0.999012,-0.00125275,0.0442059,0.00428051
-0.998573,0.00338777,0.0527042,0.0078913
-0.998759,0.000263281,0.0494686,0.00569171
-0.998628,0.00620454,0.0509024,0.0105702
-0.998286,0.0109036,0.0557944,0.0139101
-0.998404,0.00590142,0.0553124,0.00971825
-0.998097,0.00337359,0.061164,0.00710352
-0.997932,0.00272169,0.0638714,0.00663417
-0.997914,0.00917981,0.0623358,0.0140763
-0.997524,0.0101618,0.0680569,0.0145203
-0.997888,0.00571049,0.0638141,0.0107328
-0.998214,0.00759358,0.0575989,0.0138832
-0.997994,0.00781108,0.0612702,0.0138594
-0.997901,0.0158783,0.0584385,0.0229419
-0.997422,0.0151078,0.0672326,0.0200151
-0.997919,0.00820955,0.0623289,0.0143444
-0.997626,0.0072495,0.0671605,0.0133965
-0.997594,0.00734474,0.0673713,0.0145783
-0.998065,0.00777495,0.0591671,0.0174454
-0.997684,0.0121834,0.0630333,0.0224676
-0.997622,0.0122629,0.0634172,0.0240349
-0.997269,-0.0433408,0.0516728,-0.0300881
-0.997032,-0.0482188,0.0496053,-0.0337901
-0.997246,-0.0470114,0.0461352,-0.0340774
-0.997569,-0.040712,0.0519031,-0.022444
-0.997804,-0.0241069,0.0616742,0.00136952
-0.998158,-0.0308552,0.0516956,-0.00745406
-0.997752,-0.0346478,0.0571654,-0.00480431
-0.997149,-0.0442828,0.0604845,-0.00858874
-0.988643,-0.11429,0.0660144,-0.0718712
-0.985091,-0.131357,0.0634239,-0.0912048
-0.987009,-0.132702,0.0729497,-0.0536844
-0.988944,-0.124843,0.0759121,-0.0253368
-0.988227,-0.130091,0.078655,-0.0172417
-0.987854,-0.129581,0.0849411,0.0117516
-0.987525,-0.129251,0.086006,0.0262916
-0.988055,-0.122282,0.0831171,0.0434207
-0.990664,-0.118707,0.0646012,0.0178665
-0.990715,-0.120173,0.0614627,0.0162378
-0.990445,-0.123808,0.059197,0.0136722
-0.989434,-0.131175,0.0601256,0.0140593
-0.988714,-0.137204,0.0590072,0.0117531
-0.988545,-0.136709,0.0600773,0.0219198
-0.981955,-0.17791,0.0637578,-0.00684498
-0.990819,-0.119303,0.0524831,0.0359233
-0.97372,-0.210157,0.0855746,0.0195165
-0.970103,-0.225464,0.0884764,0.015416
-0.968475,-0.232862,0.0878806,0.010423
-0.963935,-0.249651,0.0917385,0.00940035
-0.960241,-0.262067,0.0947872,0.0165352
-0.955903,-0.277318,0.0966671,-0.000432545
-0.954644,-0.281925,0.0951285,-0.0111395
-0.950366,-0.294652,0.095289,-0.0300876
-0.9303,-0.346905,0.105536,-0.0553179
-0.922179,-0.365276,0.107998,-0.0670468
-0.923219,-0.367814,0.1061,-0.0335072
-0.906868,-0.385977,0.110191,-0.128335
-0.904406,-0.395308,0.10951,-0.117425
-0.89989,-0.406376,0.10927,-0.114531
-0.890891,-0.423623,0.10938,-0.122037
-0.884431,-0.436921,0.109071,-0.122409
-0.86353,-0.478865,0.108092,-0.115413
-0.859369,-0.487263,0.107262,-0.112046
-0.870528,-0.465172,0.108499,-0.11842
-0.865844,-0.479809,0.1075,-0.0924204
-0.860441,-0.489261,0.107798,-0.0929778
-0.864189,-0.482089,0.107566,-0.095901
-0.865365,-0.480671,0.107424,-0.0925178
-0.849704,-0.505407,0.10857,-0.103829
-0.832064,-0.533537,0.108794,-0.105697
-0.831833,-0.532578,0.109433,-0.11153
-0.835487,-0.527652,0.109238,-0.107759
-0.833152,-0.531566,0.109131,-0.106706
-0.834748,-0.529981,0.108885,-0.102275
-0.834959,-0.529814,0.108783,-0.101524
-0.834078,-0.532502,0.108602,-0.0946652
-0.831859,-0.536436,0.108564,-0.0919821
-0.817927,-0.557329,0.10973,-0.0913138
-0.814687,-0.562086,0.110042,-0.0907468
-0.809178,-0.570705,0.110153,-0.0859781
-0.810743,-0.568691,0.110156,-0.0845721
-0.816771,-0.560081,0.109883,-0.0843796
-0.817618,-0.558558,0.110129,-0.0859356
-0.815712,-0.5611,0.110729,-0.0867157
-0.820026,-0.553861,0.110726,-0.0923874
-0.842883,-0.516718,0.107825,-0.104521
-0.847218,-0.510276,0.108331,-0.100525
-0.845304,-0.514233,0.110131,-0.0943278
-0.835036,-0.528907,0.109408,-0.104892
-0.835892,-0.529228,0.110935,-0.0943193
-0.834408,-0.529823,0.109249,-0.105433
-0.835961,-0.528597,0.110203,-0.0980318
-0.836342,-0.527046,0.108977,-0.104302
-0.870617,-0.471609,0.108634,-0.0883703
-0.877586,-0.458488,0.105745,-0.0919213
-0.882248,-0.44926,0.103377,-0.0954883
-0.887001,-0.440762,0.107561,-0.0859584
-0.895103,-0.424937,0.108228,-0.0806569
-0.893383,-0.42796,0.109709,-0.0817357
-0.906257,-0.400333,0.0992461,-0.0926427
-0.910775,-0.390346,0.100354,-0.0897125
-0.937715,-0.32495,0.105886,-0.0623394
-0.945457,-0.303884,0.0980498,-0.0644293
-0.950046,-0.290463,0.0919165,-0.0677895
-0.950806,-0.288181,0.0837209,-0.076875
-0.951487,-0.285394,0.0901377,-0.0713953
-0.951877,-0.283863,0.0829934,-0.0804009
-0.948998,-0.29182,0.0977738,-0.0684454
-0.951158,-0.284275,0.103169,-0.0619936
-0.990752,-0.113747,0.0556513,-0.0487325
-0.993904,-0.0869958,0.0476974,-0.0480694
-0.995094,-0.0707917,0.0517261,-0.0458281
-0.996143,-0.05549,0.0512365,-0.044674
-0.995371,-0.0642655,0.0529791,-0.0479454
-0.994547,-0.0718548,0.0561922,-0.0505519
-0.993386,-0.0826501,0.0584643,-0.0541745
-0.992495,-0.0917255,0.0549009,-0.0593789
-0.994124,-0.0787335,0.0258249,-0.0696601
-0.995691,-0.0569086,0.0199602,-0.0704416
-0.996624,-0.0387492,0.0168706,-0.0703844
-0.997158,-0.0230971,0.00579134,-0.07147
-0.997419,-0.000390138,-0.00367671,-0.0717035
-0.997388,0.00619929,-0.00941004,-0.0713451
-0.997332,0.012151,-0.0125596,-0.0708831
-0.997418,0.00432557,-0.0182765,-0.0693203
-0.99727,0.0205126,0.00135623,-0.0709197
-0.997285,0.0241857,-0.00301729,-0.0694907
-0.99683,0.04127,-0.00974425,-0.0673219
-0.995391,0.0680278,-0.0086028,-0.0670474
-0.99416,0.0856881,-0.0109541,-0.0646787
-0.993451,0.0954487,-0.015064,-0.0609722
-0.992429,0.106967,-0.0188068,-0.0573549
-0.991188,0.119343,-0.024783,-0.0518538
-0.98621,0.153047,-0.0173114,-0.0605573
-0.98461,0.162055,-0.0138457,-0.0639461
-0.983903,0.165738,-0.0117941,-0.065784
-0.983934,0.166178,-0.012598,-0.0640283
-0.98565,0.157699,-0.0171017,-0.0577381
-0.986072,0.153059,-0.0114759,-0.0640512
-0.987336,0.146781,-0.016136,-0.0579871
-0.98813,0.141302,-0.0150578,-0.0583603
-0.98288,0.172375,-0.00926166,-0.0644086
-0.980627,0.184973,-0.00881219,-0.063862
-0.979093,0.1937,-0.00979045,-0.0613258
-0.977272,0.203508,-0.0108572,-0.0583632
-0.976046,0.207542,-0.00731978,-0.0648635
-0.975606,0.2122,-0.0121292,-0.0549305
-0.97494,0.21706,-0.0162346,-0.0459781
-0.973299,0.224256,-0.0156833,-0.0463923
-0.967975,0.246884,-0.0162352,-0.0425351
-0.961004,0.272126,-0.0133529,-0.0473408
-0.956528,0.288868,-0.0152927,-0.0370938
-0.951982,0.30303,-0.013603,-0.0414503
-0.947185,0.316894,-0.0114461,-0.0478396
-0.945221,0.324057,-0.0132953,-0.036981
-0.943044,0.331912,-0.0178764,-0.0135233
-0.939718,0.340786,-0.0159998,-0.0232092
-0.924759,0.379012,-0.0140422,-0.0312171
-0.923873,0.381645,-0.0142666,-0.0245325
-0.916543,0.399323,-0.0145282,-0.0167071
-0.915999,0.400764,-0.0145477,-0.0110539
-0.913462,0.406597,-0.0157591,0.00413355
-0.907658,0.419427,-0.0153676,-0.000910762
-0.904533,0.42579,-0.0166611,0.0156793
-0.904254,0.426658,-0.0153591,0.00717691
-0.896196,0.443334,-0.0160069,0.00569771
-0.892478,0.4508,-0.0159892,0.00279009
-0.89134,0.453054,-0.0154347,-0.00416928
-0.887099,0.461249,-0.0152993,-0.00834979
-0.88615,0.462748,-0.014413,-0.0198673
-0.880429,0.473763,-0.0151573,-0.0127731
-0.878035,0.478316,-0.0163877,-7.1804e-05
-0.87775,0.478734,-0.0157251,-0.0110219
-0.871836,0.489184,-0.0151016,-0.0193406
-0.867544,0.496213,-0.0141194,-0.0306771
-0.866809,0.497247,-0.0137756,-0.0346152
-0.866598,0.498375,-0.0148203,-0.0202524
-0.868581,0.494722,-0.0143152,-0.0247415
-0.870099,0.491579,-0.0132051,-0.0332246
-0.870554,0.491054,-0.0136903,-0.0285259
-0.867525,0.49665,-0.0140287,-0.0232925
-0.868007,0.49572,-0.0138844,-0.0251511
-0.866235,0.498738,-0.013758,-0.0266104
-0.865627,0.49993,-0.014478,-0.0234548
-0.869324,0.493487,-0.0149672,-0.0228286
-0.867382,0.496894,-0.0151595,-0.0227072
-0.863827,0.503168,-0.0158872,-0.0193084
-0.864018,0.502686,-0.0152917,-0.0233818
-0.860038,0.50951,-0.0153768,-0.0223276
-0.868888,0.494105,-0.0152023,-0.0257464
-0.871115,0.490009,-0.014858,-0.0288069
-0.870453,0.491175,-0.015232,-0.0287418
-0.873587,0.484872,-0.0131892,-0.0396359
-0.878587,0.475775,-0.014605,-0.0388581
-0.876596,0.478979,-0.0133771,-0.0444919
-0.878481,0.475606,-0.0149519,-0.0429792
-0.877215,0.476453,-0.010989,-0.0580085
-0.908111,0.416479,-0.0270787,-0.0338585
-0.919541,0.39067,-0.030204,-0.0301314
-0.927099,0.371813,-0.0234532,-0.041145
-0.936291,0.346569,-0.0143538,-0.0551581
-0.939941,0.336748,-0.0173873,-0.0530133
-0.946109,0.318264,-0.0146638,-0.0580565
-0.951512,0.302227,-0.0201611,-0.0536349
-0.953116,0.29586,-0.0130133,-0.0621848
-0.957424,0.282427,-0.0193076,-0.0565813
-0.956373,0.283605,-0.00707403,-0.0697771
-0.958716,0.272622,0.00165664,-0.0808627
-0.957188,0.277733,0.00287552,-0.0815257
-0.956234,0.281541,0.00141393,-0.0796782
-0.954342,0.286797,0.00485267,-0.0833965
-0.952237,0.293119,0.00691957,-0.0853166
-0.954204,0.284622,0.00908049,-0.0916659
-0.976718,0.193235,-0.0116165,-0.0924563
-0.97772,0.18135,0.00400817,-0.105639
-0.980605,0.160613,0.00783535,-0.112054
-0.982521,0.146492,0.00745287,-0.114614
-0.982985,0.142791,0.00690731,-0.115342
-0.982717,0.145668,0.0047916,-0.114124
-0.982026,0.149848,0.0059704,-0.114605
-0.983771,0.135454,0.00609769,-0.117517
-0.983585,0.116934,0.0292867,-0.134273
-0.984221,0.103141,0.0336234,-0.13979
-0.985294,0.0914986,0.0297996,-0.141196
-0.986262,0.0811169,0.0246553,-0.14177
-0.986498,0.0518183,0.0351306,-0.151332
-0.986727,0.0293977,0.0339772,-0.156049
-0.986525,0.0104536,0.0343589,-0.159622
-0.986397,-0.00303403,0.0271696,-0.162093
-0.984793,-0.0396538,0.0335767,-0.16578
-0.984122,-0.053356,0.0510141,-0.161414
-0.983292,-0.0644031,0.0513216,-0.162342
-0.982372,-0.0763267,0.0544001,-0.161744
-0.979266,-0.106058,0.0607671,-0.161546
-0.97567,-0.133377,0.0637614,-0.161902
-0.970548,-0.166078,0.0670377,-0.161122
-0.966819,-0.187111,0.0684015,-0.159909
-0.961307,-0.201026,0.0568143,-0.179582
-0.96224,-0.205772,0.0633454,-0.166553
-0.961502,-0.212719,0.0653512,-0.161223
-0.960802,-0.221209,0.0689562,-0.152223
-0.958397,-0.231611,0.0681573,-0.152272
-0.959531,-0.228634,0.0687701,-0.149325
-0.960794,-0.223553,0.0681846,-0.149167
-0.96152,-0.224122,0.0710554,-0.142126
-0.935184,-0.303747,0.0584096,-0.172502
-0.933248,-0.312496,0.0588273,-0.167134
-0.93351,-0.318194,0.0616875,-0.153316
-0.934694,-0.315432,0.0628696,-0.151315
-0.935305,-0.315112,0.0641925,-0.147612
-0.934411,-0.317845,0.0642499,-0.147383
-0.930359,-0.330619,0.0638769,-0.145058
-0.926406,-0.341999,0.063091,-0.144323
-0.912571,-0.38135,0.0614126,-0.134219
-0.912542,-0.384266,0.0628101,-0.12515
-0.912587,-0.38624,0.0642547,-0.117792
-0.910471,-0.391989,0.0648178,-0.114827
-0.909114,-0.39743,0.0664399,-0.105577
-0.905431,-0.407061,0.0672876,-0.0998434
-0.901345,-0.415941,0.0672352,-0.100246
-0.899183,-0.418588,0.066277,-0.108909
-0.896454,-0.42256,0.0646202,-0.11678
-0.899072,-0.417644,0.0654375,-0.113847
-0.89523,-0.426461,0.0649686,-0.111689
-0.891306,-0.435771,0.0648175,-0.107126
-0.893308,-0.428656,0.0628851,-0.119584
-0.893325,-0.431075,0.064479,-0.109486
-0.890497,-0.437661,0.0642513,-0.106488
-0.886569,-0.4472,0.0646056,-0.0991642
-0.882288,-0.458996,0.067343,-0.0797281
-0.879162,-0.464245,0.0665062,-0.084423
-0.875962,-0.471705,0.0676346,-0.0749088
-0.869929,-0.483446,0.0683048,-0.0695516
-0.871371,-0.480758,0.0681169,-0.0703121
-0.873225,-0.478477,0.0692337,-0.0611988
-0.873645,-0.47727,0.0686755,-0.06513
-0.87839,-0.467771,0.0674427,-0.0712281
-0.884779,-0.453747,0.0644455,-0.0844224
-0.88591,-0.450983,0.063704,-0.0878625
-0.892321,-0.436333,0.0609391,-0.0982992
-0.894911,-0.429847,0.0589861,-0.10434
-0.896024,-0.427669,0.0592136,-0.103603
-0.894475,-0.431682,0.060428,-0.0995626
-0.892981,-0.435622,0.0618751,-0.094816
-0.893099,-0.434769,0.0603407,-0.0985358
-0.900883,-0.419812,0.0629754,-0.0905661
-0.905259,-0.410394,0.0620931,-0.0907016
-0.912185,-0.395268,0.0622741,-0.0883432
-0.919179,-0.379281,0.0624772,-0.0857447
-0.927612,-0.358398,0.0607577,-0.0860012
-0.939418,-0.323707,0.0477342,-0.102119
-0.950006,-0.290862,0.0449406,-0.104254
-0.958334,-0.263462,0.0481828,-0.0993064
-0.965022,-0.240558,0.0802215,-0.0665463
-0.968913,-0.225871,0.0762759,-0.0661193
-0.973286,-0.20747,0.0778131,-0.0601257
-0.974212,-0.202751,0.0814582,-0.0562774
-0.974917,-0.197823,0.0894646,-0.0489827
-0.976225,-0.191717,0.0887793,-0.0484482
-0.98176,-0.164585,0.0851594,-0.0425085
-0.984627,-0.148509,0.0829835,-0.0396138
-0.993953,-0.0884322,0.0530786,-0.0376707
-0.995739,-0.0669269,0.0541986,-0.0329667
-0.996496,-0.0559419,0.0539702,-0.0308753
-0.996993,-0.0460048,0.055455,-0.0285212
-0.997613,-0.0419926,0.0459929,-0.0298271
-0.997825,-0.0381948,0.0448716,-0.0295409
-0.997694,-0.0344685,0.0513228,-0.0280126
-0.998177,-0.0205716,0.0509252,-0.0250092
-0.997867,0.0633391,0.0142796,-0.00678832
-0.998095,0.0604031,0.0106952,-0.00651574
-0.999016,0.0421004,0.0109043,-0.00871343
-0.999549,0.027262,0.0077977,-0.00992902
-0.999809,0.0168925,-0.00129877,-0.00969325
-0.999794,0.0167747,0.00359842,-0.0108154
-0.99975,0.0139118,0.012141,-0.012613
-0.999842,0.0118468,0.00396433,-0.0126595
-0.998182,0.0583359,0.00923708,-0.0120033
-0.997717,0.0661458,0.00781653,-0.0111752
-0.997132,0.0742545,0.00900783,-0.0115421
-0.996316,0.0831119,0.0152662,-0.0146057
-0.996928,0.0769089,0.00880311,-0.0119454
-0.997856,0.0643985,0.00456373,-0.0107149
-0.997579,0.0690595,-0.000118329,-0.0081912
-0.996548,0.0826091,-0.00730216,-0.00388844
-0.992424,0.122545,-0.00629454,-0.00611108
-0.990407,0.137564,0.00014263,-0.0130068
-0.986902,0.160521,0.00293618,-0.0157953
-0.984051,0.177756,-0.00309434,-0.00607232
-0.980633,0.194662,0.00505828,-0.0209814
-0.978217,0.20489,0.0104342,-0.0316637
-0.974449,0.22224,0.0110362,-0.0306064
-0.969469,0.238689,0.0206558,-0.0522553
-0.966824,0.253383,0.0147638,-0.0288092
-0.966552,0.254967,0.0132655,-0.0243468
-0.965869,0.256835,0.0150842,-0.030102
-0.963712,0.26596,0.0123477,-0.0192854
-0.961801,0.272255,0.0143498,-0.0246878
-0.958722,0.283421,0.0133042,-0.0186299
-0.957392,0.286971,0.0160129,-0.0281388
-0.956491,0.289676,0.016613,-0.0305968
-0.946231,0.321231,0.0213444,-0.0316447
-0.942531,0.330798,0.0248337,-0.0398969
-0.93986,0.337678,0.0271665,-0.0435728
-0.936663,0.345856,0.0297405,-0.0464963
-0.934542,0.351797,0.0308392,-0.0437932
-0.930533,0.362989,0.0321048,-0.0362886
-0.927471,0.370646,0.0339722,-0.0355691
-0.92751,0.371059,0.0336424,-0.0301629
-0.9338,0.35682,0.0234353,0.0121137
-0.929403,0.367765,0.022464,0.0213157
-0.933479,0.356533,0.0199249,0.0332132
-0.941,0.336123,0.0203069,0.0335839
-0.942001,0.332141,0.0159439,0.0454167
-0.944273,0.324394,0.0127394,0.0543584
-0.939118,0.339636,0.0136166,0.0501921
-0.933753,0.35427,0.0132021,0.0492295
-0.919605,0.390664,0.0149069,0.0385614
-0.913299,0.405359,0.0152374,0.0365658
-0.912544,0.406966,0.0155767,0.0374152
-0.911471,0.409269,0.0159064,0.0382868
-0.910522,0.411785,0.0175825,0.0327802
-0.904665,0.424643,0.0183903,0.0303537
-0.900136,0.434707,0.0210015,0.0185309
-0.896818,0.440834,0.0195399,0.0316383
-0.901887,0.429762,0.0184179,0.0395698
-0.905633,0.421425,0.0177922,0.0437518
-0.906208,0.419597,0.0162105,0.049628
-0.904991,0.422675,0.0170333,0.0452396
-0.908453,0.415654,0.0186764,0.0399363
-0.909117,0.413314,0.0155793,0.04934
-0.908987,0.413634,0.0153571,0.04913
-0.911375,0.40847,0.0158651,0.0479247
-0.921759,0.385636,0.0218077,0.0341993
-0.925436,0.376999,0.0234077,0.0298717
-0.926505,0.374366,0.0227489,0.0303558
-0.931278,0.362497,0.0233015,0.0278126
-0.934549,0.353011,0.014745,0.0422419
-0.940153,0.336562,0.00844245,0.0526037
-0.94421,0.324335,0.00549981,0.0569481
-0.94493,0.323312,0.00883471,0.0499795
-0.945881,0.32233,0.0194473,0.0321583
-0.95022,0.309575,0.0207253,0.0285683
-0.953396,0.29972,0.0195601,0.028652
-0.957808,0.285474,0.019671,0.0268735
-0.96125,0.27378,0.0193379,0.0258464
-0.961278,0.273677,0.0178432,0.026975
-0.963638,0.265492,0.023791,0.0187076
-0.965068,0.260195,0.0275513,0.0135663
-0.97202,0.233107,0.0266571,0.0113479
-0.973403,0.22651,0.0342284,0.00289203
-0.976806,0.21132,0.0345415,0.000186328
-0.979887,0.197247,0.0301662,0.00201847
-0.981764,0.188005,0.0280352,0.0026594
-0.985973,0.164276,0.029442,-0.00177965
-0.987573,0.152311,0.0376266,-0.00926092
-0.989172,0.144231,0.0269502,-0.00321934
-0.994039,0.102724,0.0337074,-0.0140502
-0.996343,0.0812421,0.0228608,-0.0133017
-0.997228,0.0694091,0.0222188,-0.0149811
-0.998253,0.0535293,0.0189099,-0.0163692
-0.998608,0.0454982,0.0197825,-0.0178843
-0.999113,0.0308511,0.020514,-0.0200363
-0.999283,0.0179308,0.0247276,-0.0223576
-0.999361,0.00750193,0.025501,-0.02391
-0.999071,0.0100265,0.0350752,-0.0229384
-0.998841,0.00226314,0.0418028,-0.0237523
-0.999212,0.0019812,0.032377,-0.0228685
-0.99925,0.00343049,0.0319363,-0.0216337
-0.999334,0.00456861,0.0298752,-0.0204672
-0.999017,-0.00169434,0.0391589,-0.0207026
-0.999045,-0.00840897,0.0371879,-0.021341
-0.999106,-0.0123639,0.0342916,-0.0214048
-0.998592,-0.0240797,0.041992,-0.0216809
-0.998402,-0.0320149,0.0408104,-0.0224215
-0.998489,-0.0329667,0.03828,-0.0216036
-0.998773,-0.0277748,0.0362436,-0.019152
-0.998768,-0.0315136,0.0331425,-0.0192374
-0.999017,-0.0209528,0.0363001,-0.014425
-0.998534,-0.0264696,0.0455079,-0.0125416
-0.998552,-0.020243,0.0492367,-0.00772311
-0.993952,-0.0825257,0.067109,-0.0272928
-0.991688,-0.103293,0.0671492,-0.0371047
-0.990272,-0.113661,0.0708494,-0.0377157
-0.989195,-0.12239,0.0648123,-0.0481008
-0.98928,-0.122223,0.0646717,-0.0469429
-0.988661,-0.126622,0.0668715,-0.0452158
-0.988166,-0.129346,0.0740858,-0.0361888
-0.987507,-0.133887,0.0741083,-0.0375754
-0.989323,-0.122516,0.0711207,-0.0342193
-0.990177,-0.116262,0.0718054,-0.0296191
-0.989911,-0.119016,0.0684485,-0.0350225
-0.989554,-0.12199,0.0655172,-0.040109
-0.989119,-0.124685,0.0673358,-0.0395347
-0.988795,-0.125893,0.0726807,-0.0339682
-0.990295,-0.115716,0.0707406,-0.0303423
-0.990572,-0.114756,0.0658912,-0.0354484
-0.989217,-0.124841,0.0524266,-0.0558261
-0.989882,-0.120292,0.0561429,-0.0501081
-0.990298,-0.117005,0.0507535,-0.0551717
-0.990363,-0.11634,0.0497694,-0.056301
-0.991107,-0.110597,0.0487658,-0.0556525
-0.991726,-0.105742,0.051217,-0.0517232
-0.991712,-0.105362,0.0438934,-0.0589905
-0.992455,-0.0991245,0.0441305,-0.0571011
-0.992919,-0.0945664,0.0564338,-0.0445493
-0.993572,-0.0892174,0.0526717,-0.0456139
-0.994474,-0.0807539,0.0508139,-0.0438039
-0.994169,-0.08294,0.0547392,-0.0418728
-0.994732,-0.0772132,0.0545322,-0.0396582
-0.995305,-0.0702495,0.0564313,-0.0353309
-0.995607,-0.0674167,0.0544362,-0.0354626
-0.995271,-0.0712568,0.0544107,-0.0373954
-0.995209,-0.0683907,0.0629196,-0.0303628
-0.995657,-0.0668158,0.0543032,-0.0354137
-0.994676,-0.0769086,0.0565399,-0.0388382
-0.995745,-0.0664205,0.0516483,-0.0375888
-0.995872,-0.0634352,0.0553956,-0.033849
-0.995721,-0.0648584,0.0564373,-0.0338734
-0.994531,-0.0776765,0.0575441,-0.0395478
-0.99457,-0.077482,0.0571324,-0.0395281
-0.994524,-0.0789155,0.0531107,-0.0432803
-0.994277,-0.0811455,0.0549038,-0.0425863
-0.994537,-0.0780391,0.0577168,-0.0384066
-0.994848,-0.0755489,0.055231,-0.0389677
-0.994806,-0.0744118,0.0606218,-0.0338997
-0.995278,-0.0701695,0.0582436,-0.0332367
-0.995566,-0.0681197,0.0549283,-0.0345001
-0.995343,-0.0690978,0.0592191,-0.0318084
-0.995463,-0.0675044,0.059621,-0.0307052
-0.995092,-0.0709964,0.0612828,-0.0315618
-0.995086,-0.0709779,0.0614696,-0.0314242
-0.994905,-0.0730556,0.0611569,-0.0329641
-0.99464,-0.0748315,0.0638484,-0.0318535
-0.99526,-0.0689225,0.0617859,-0.0298137
-0.995477,-0.0669952,0.0604852,-0.0296378
-0.995028,-0.0712502,0.0624096,-0.0307744
-0.99538,-0.0691012,0.0581476,-0.0325889
-0.995221,-0.0693462,0.062167,-0.0293408
-0.99519,-0.0714293,0.0578689,-0.0338506
-0.995303,-0.0706727,0.056625,-0.0342319
-0.995179,-0.0724628,0.055359,-0.0360945
-0.995198,-0.0717502,0.0572898,-0.0339144
-0.995933,-0.0628574,0.0583136,-0.0276871
-0.996093,-0.0603742,0.0593011,-0.0252419
-0.99627,-0.0604386,0.0547777,-0.0281514
-0.995742,-0.0662895,0.0566646,-0.0298773
-0.995142,-0.0715401,0.0608913,-0.0294553
-0.995229,-0.0685363,0.0653847,-0.0233922
-0.995174,-0.070462,0.0628931,-0.0266082
-0.995413,-0.0671249,0.0641276,-0.0231129
-0.995422,-0.067982,0.0623582,-0.0250028
-0.995107,-0.068511,0.0681729,-0.0205312
-0.995601,-0.0635626,0.0663953,-0.0181498
-0.99549,-0.0625718,0.0697431,-0.0148499
-0.995322,-0.0637017,0.0711181,-0.0147464
-0.996205,-0.0565027,0.0647395,-0.0138688
-0.99594,-0.0604314,0.0645244,-0.0169812
-0.995749,-0.0591065,0.0695471,-0.0124228
-0.996143,-0.0595821,0.0617333,-0.0184076
-0.99536,-0.0662359,0.0671295,-0.0190782
-0.995629,-0.0643803,0.0647967,-0.0195005
-0.995265,-0.0678181,0.0665125,-0.0206229
-0.995204,-0.070361,0.0630607,-0.0253432
-0.995059,-0.0699919,0.0670245,-0.0216155
-0.994986,-0.0674491,0.072291,-0.0150608
-0.995653,-0.0636983,0.0656678,-0.0174979
-0.995632,-0.0642111,0.0652798,-0.0182096
-0.995889,-0.0622038,0.0632573,-0.0182892
-0.996007,-0.0626213,0.0600839,-0.0209308
-0.995291,-0.0682164,0.0657988,-0.0203021
-0.995407,-0.0660934,0.0669574,-0.0176962
-0.995528,-0.0662538,0.0642722,-0.0200934
-0.995611,-0.0660628,0.0627891,-0.0212509
-0.995222,-0.0692143,0.0654536,-0.0214037
-0.995991,-0.0619332,0.0616255,-0.0192063
-0.995666,-0.0626252,0.0669735,-0.0155469
-0.995754,-0.0658442,0.0598945,-0.0234908
-0.995687,-0.064001,0.064712,-0.0179707
-0.996015,-0.0621127,0.0610264,-0.0193099
-0.99639,-0.0585632,0.0586174,-0.0184512
-0.996293,-0.0585208,0.0608423,-0.0165595
-0.996122,-0.0607737,0.0610963,-0.0177425
-0.995629,-0.0639261,0.0662302,-0.0157832
-0.996522,-0.0582034,0.0565555,-0.0188927
-0.995829,-0.0659542,0.059009,-0.0221936
-0.996188,-0.065285,0.0498672,-0.0293412
-0.996271,-0.0629604,0.053461,-0.024924
-0.995433,-0.0733491,0.0517772,-0.0324377
-0.996195,-0.0636429,0.0546038,-0.0237487
-0.996315,-0.0634971,0.0515505,-0.0258169
-0.996246,-0.0636109,0.0537189,-0.0237195
-0.996983,-0.0547631,0.0513883,-0.0196444
-0.996603,-0.0549259,0.0599969,-0.0129175
-0.996794,-0.0492655,0.0627443,-0.00611183
-0.996443,-0.0486529,0.0687905,-0.00125487
-0.99685,-0.0426267,0.0667982,0.00320219
-0.996889,-0.0365084,0.0691569,0.00984484
-0.996897,-0.0303686,0.0708462,0.0159835
-0.996949,-0.0303475,0.0701791,0.015696
-0.997001,-0.0220276,0.0705529,0.0229487
-0.995365,-0.0110711,0.0883709,0.0362802
-0.995395,-0.0115358,0.0885446,0.0348738
-0.994422,-0.0217303,0.100574,0.0231975
-0.994012,-0.0216147,0.104558,0.0232678
-0.993476,-0.02119,0.109523,0.0236979
-0.992742,-0.0212885,0.116042,0.0233279
-0.992711,-0.0181475,0.116146,0.0265475
-0.992793,-0.0166339,0.115615,0.0268118